[{"model": "admin.logentry", "pk": 1, "fields": {"action_time": "2024-09-28T21:08:13.738Z", "user": 1, "content_type": 13, "object_id": "1", "object_repr": "Haki object (1)", "action_flag": 1, "change_message": "[{\"added\": {}}]"}}, {"model": "admin.logentry", "pk": 2, "fields": {"action_time": "2024-09-28T21:08:30.135Z", "user": 1, "content_type": 13, "object_id": "1", "object_repr": "Haki object (1)", "action_flag": 3, "change_message": ""}}, {"model": "admin.logentry", "pk": 3, "fields": {"action_time": "2024-09-28T21:28:45.615Z", "user": 1, "content_type": 8, "object_id": "1", "object_repr": "nbhjbb", "action_flag": 1, "change_message": "[{\"added\": {}}]"}}, {"model": "admin.logentry", "pk": 4, "fields": {"action_time": "2024-09-28T21:28:56.419Z", "user": 1, "content_type": 8, "object_id": "1", "object_repr": "nbhjbb", "action_flag": 3, "change_message": ""}}, {"model": "admin.logentry", "pk": 5, "fields": {"action_time": "2024-09-28T21:31:47.094Z", "user": 1, "content_type": 12, "object_id": "1", "object_repr": "Prostibulo", "action_flag": 1, "change_message": "[{\"added\": {}}]"}}, {"model": "admin.logentry", "pk": 6, "fields": {"action_time": "2024-09-28T21:32:04.363Z", "user": 1, "content_type": 12, "object_id": "2", "object_repr": "Bar", "action_flag": 1, "change_message": "[{\"added\": {}}]"}}, {"model": "admin.logentry", "pk": 7, "fields": {"action_time": "2024-09-28T21:32:15.608Z", "user": 1, "content_type": 12, "object_id": "2", "object_repr": "Pirata", "action_flag": 2, "change_message": "[{\"changed\": {\"fields\": [\"Faction name\"]}}]"}}, {"model": "admin.logentry", "pk": 8, "fields": {"action_time": "2024-09-28T21:32:21.986Z", "user": 1, "content_type": 12, "object_id": "1", "object_repr": "Marine", "action_flag": 2, "change_message": "[{\"changed\": {\"fields\": [\"Faction name\"]}}]"}}, {"model": "admin.logentry", "pk": 9, "fields": {"action_time": "2024-10-03T04:16:09.520Z", "user": 1, "content_type": 11, "object_id": "1", "object_repr": "porno porno no mi", "action_flag": 1, "change_message": "[{\"added\": {}}]"}}, {"model": "admin.logentry", "pk": 10, "fields": {"action_time": "2024-10-05T20:13:02.867Z", "user": 1, "content_type": 13, "object_id": "2", "object_repr": "Armament Haki", "action_flag": 1, "change_message": "[{\"added\": {}}]"}}, {"model": "admin.logentry", "pk": 11, "fields": {"action_time": "2024-10-05T20:13:48.350Z", "user": 1, "content_type": 13, "object_id": "3", "object_repr": "Observation Haki", "action_flag": 1, "change_message": "[{\"added\": {}}]"}}, {"model": "admin.logentry", "pk": 12, "fields": {"action_time": "2024-10-05T20:16:25.247Z", "user": 1, "content_type": 13, "object_id": "4", "object_repr": "Conqueror's Haki", "action_flag": 1, "change_message": "[{\"added\": {}}]"}}, {"model": "admin.logentry", "pk": 13, "fields": {"action_time": "2024-10-05T20:24:15.171Z", "user": 1, "content_type": 15, "object_id": "1", "object_repr": "Soldier", "action_flag": 1, "change_message": "[{\"added\": {}}]"}}, {"model": "admin.logentry", "pk": 14, "fields": {"action_time": "2024-10-05T20:27:02.444Z", "user": 1, "content_type": 15, "object_id": "2", "object_repr": "Captain", "action_flag": 1, "change_message": "[{\"added\": {}}]"}}, {"model": "admin.logentry", "pk": 15, "fields": {"action_time": "2024-10-05T20:27:14.825Z", "user": 1, "content_type": 15, "object_id": "3", "object_repr": "Vice-Admiral", "action_flag": 1, "change_message": "[{\"added\": {}}]"}}, {"model": "admin.logentry", "pk": 16, "fields": {"action_time": "2024-10-05T20:27:18.598Z", "user": 1, "content_type": 15, "object_id": "4", "object_repr": "Admiral", "action_flag": 1, "change_message": "[{\"added\": {}}]"}}, {"model": "admin.logentry", "pk": 17, "fields": {"action_time": "2024-10-05T20:27:23.217Z", "user": 1, "content_type": 15, "object_id": "5", "object_repr": "Fleet Admiral", "action_flag": 1, "change_message": "[{\"added\": {}}]"}}, {"model": "admin.logentry", "pk": 18, "fields": {"action_time": "2024-10-05T20:29:40.638Z", "user": 1, "content_type": 11, "object_id": "1", "object_repr": "porno porno no mi", "action_flag": 3, "change_message": ""}}, {"model": "admin.logentry", "pk": 19, "fields": {"action_time": "2024-10-05T20:29:50.127Z", "user": 1, "content_type": 11, "object_id": "2", "object_repr": "Flame-Flame Fruit", "action_flag": 2, "change_message": "[]"}}, {"model": "admin.logentry", "pk": 20, "fields": {"action_time": "2024-10-05T20:32:47.321Z", "user": 1, "content_type": 8, "object_id": "2", "object_repr": "Romance Dawn Arc", "action_flag": 1, "change_message": "[{\"added\": {}}]"}}, {"model": "admin.logentry", "pk": 21, "fields": {"action_time": "2024-10-05T20:33:14.555Z", "user": 1, "content_type": 8, "object_id": "3", "object_repr": "Orange Town", "action_flag": 1, "change_message": "[{\"added\": {}}]"}}, {"model": "admin.logentry", "pk": 22, "fields": {"action_time": "2024-10-05T20:34:13.238Z", "user": 1, "content_type": 8, "object_id": "4", "object_repr": "Syrup Village", "action_flag": 1, "change_message": "[{\"added\": {}}]"}}, {"model": "admin.logentry", "pk": 23, "fields": {"action_time": "2024-10-05T20:34:27.477Z", "user": 1, "content_type": 8, "object_id": "5", "object_repr": "Baratie", "action_flag": 1, "change_message": "[{\"added\": {}}]"}}, {"model": "admin.logentry", "pk": 24, "fields": {"action_time": "2024-10-05T20:35:32.823Z", "user": 1, "content_type": 8, "object_id": "6", "object_repr": "Arlong Park", "action_flag": 1, "change_message": "[{\"added\": {}}]"}}, {"model": "admin.logentry", "pk": 25, "fields": {"action_time": "2024-10-05T20:35:54.759Z", "user": 1, "content_type": 8, "object_id": "7", "object_repr": "Loguetown", "action_flag": 1, "change_message": "[{\"added\": {}}]"}}, {"model": "admin.logentry", "pk": 26, "fields": {"action_time": "2024-10-05T20:36:47.140Z", "user": 1, "content_type": 8, "object_id": "8", "object_repr": "Reverse Mountain", "action_flag": 1, "change_message": "[{\"added\": {}}]"}}, {"model": "admin.logentry", "pk": 27, "fields": {"action_time": "2024-10-05T20:37:12.810Z", "user": 1, "content_type": 8, "object_id": "9", "object_repr": "Whisky Peak", "action_flag": 1, "change_message": "[{\"added\": {}}]"}}, {"model": "admin.logentry", "pk": 28, "fields": {"action_time": "2024-10-05T20:37:35.660Z", "user": 1, "content_type": 8, "object_id": "10", "object_repr": "Little Garden", "action_flag": 1, "change_message": "[{\"added\": {}}]"}}, {"model": "admin.logentry", "pk": 29, "fields": {"action_time": "2024-10-05T20:37:51.692Z", "user": 1, "content_type": 8, "object_id": "11", "object_repr": "Drum Island", "action_flag": 1, "change_message": "[{\"added\": {}}]"}}, {"model": "admin.logentry", "pk": 30, "fields": {"action_time": "2024-10-05T20:38:16.010Z", "user": 1, "content_type": 8, "object_id": "12", "object_repr": "Arabasta", "action_flag": 1, "change_message": "[{\"added\": {}}]"}}, {"model": "admin.logentry", "pk": 31, "fields": {"action_time": "2024-10-05T20:39:04.524Z", "user": 1, "content_type": 8, "object_id": "13", "object_repr": "Jaya", "action_flag": 1, "change_message": "[{\"added\": {}}]"}}, {"model": "admin.logentry", "pk": 32, "fields": {"action_time": "2024-10-05T20:39:21.001Z", "user": 1, "content_type": 8, "object_id": "14", "object_repr": "Skypiea", "action_flag": 1, "change_message": "[{\"added\": {}}]"}}, {"model": "admin.logentry", "pk": 33, "fields": {"action_time": "2024-10-05T20:39:42.242Z", "user": 1, "content_type": 8, "object_id": "15", "object_repr": "Long Ring Long Land", "action_flag": 1, "change_message": "[{\"added\": {}}]"}}, {"model": "admin.logentry", "pk": 34, "fields": {"action_time": "2024-10-05T20:40:01.079Z", "user": 1, "content_type": 8, "object_id": "16", "object_repr": "Water 7", "action_flag": 1, "change_message": "[{\"added\": {}}]"}}, {"model": "admin.logentry", "pk": 35, "fields": {"action_time": "2024-10-05T20:40:30.305Z", "user": 1, "content_type": 8, "object_id": "17", "object_repr": "Ennies Lobby", "action_flag": 1, "change_message": "[{\"added\": {}}]"}}, {"model": "admin.logentry", "pk": 36, "fields": {"action_time": "2024-10-05T20:40:46.534Z", "user": 1, "content_type": 8, "object_id": "18", "object_repr": "Post-Enies Lobby", "action_flag": 1, "change_message": "[{\"added\": {}}]"}}, {"model": "admin.logentry", "pk": 37, "fields": {"action_time": "2024-10-05T20:41:16.019Z", "user": 1, "content_type": 8, "object_id": "19", "object_repr": "Thriller Bark", "action_flag": 1, "change_message": "[{\"added\": {}}]"}}, {"model": "admin.logentry", "pk": 38, "fields": {"action_time": "2024-10-05T20:41:40.180Z", "user": 1, "content_type": 8, "object_id": "20", "object_repr": "Sabaody Archipelago", "action_flag": 1, "change_message": "[{\"added\": {}}]"}}, {"model": "admin.logentry", "pk": 39, "fields": {"action_time": "2024-10-05T20:42:14.029Z", "user": 1, "content_type": 8, "object_id": "21", "object_repr": "Amazon Lily", "action_flag": 1, "change_message": "[{\"added\": {}}]"}}, {"model": "admin.logentry", "pk": 40, "fields": {"action_time": "2024-10-05T20:42:37.631Z", "user": 1, "content_type": 8, "object_id": "22", "object_repr": "Impel Down", "action_flag": 1, "change_message": "[{\"added\": {}}]"}}, {"model": "admin.logentry", "pk": 41, "fields": {"action_time": "2024-10-05T20:42:52.068Z", "user": 1, "content_type": 8, "object_id": "23", "object_repr": "Marineford", "action_flag": 1, "change_message": "[{\"added\": {}}]"}}, {"model": "admin.logentry", "pk": 42, "fields": {"action_time": "2024-10-05T20:43:11.311Z", "user": 1, "content_type": 8, "object_id": "24", "object_repr": "Post-War", "action_flag": 1, "change_message": "[{\"added\": {}}]"}}, {"model": "admin.logentry", "pk": 43, "fields": {"action_time": "2024-10-05T20:43:56.271Z", "user": 1, "content_type": 8, "object_id": "25", "object_repr": "Return to Sabaody", "action_flag": 1, "change_message": "[{\"added\": {}}]"}}, {"model": "admin.logentry", "pk": 44, "fields": {"action_time": "2024-10-05T20:44:10.720Z", "user": 1, "content_type": 8, "object_id": "26", "object_repr": "Fish-Men Island", "action_flag": 1, "change_message": "[{\"added\": {}}]"}}, {"model": "admin.logentry", "pk": 45, "fields": {"action_time": "2024-10-05T20:44:32.424Z", "user": 1, "content_type": 8, "object_id": "27", "object_repr": "Punk Hazard", "action_flag": 1, "change_message": "[{\"added\": {}}]"}}, {"model": "admin.logentry", "pk": 46, "fields": {"action_time": "2024-10-05T20:44:51.707Z", "user": 1, "content_type": 8, "object_id": "28", "object_repr": "Dressrosa", "action_flag": 1, "change_message": "[{\"added\": {}}]"}}, {"model": "admin.logentry", "pk": 47, "fields": {"action_time": "2024-10-05T20:45:05.399Z", "user": 1, "content_type": 8, "object_id": "29", "object_repr": "Zou", "action_flag": 1, "change_message": "[{\"added\": {}}]"}}, {"model": "admin.logentry", "pk": 48, "fields": {"action_time": "2024-10-05T20:45:28.377Z", "user": 1, "content_type": 8, "object_id": "30", "object_repr": "Whole Cake Island", "action_flag": 1, "change_message": "[{\"added\": {}}]"}}, {"model": "admin.logentry", "pk": 49, "fields": {"action_time": "2024-10-05T20:45:35.378Z", "user": 1, "content_type": 8, "object_id": "31", "object_repr": "Levely", "action_flag": 1, "change_message": "[{\"added\": {}}]"}}, {"model": "admin.logentry", "pk": 50, "fields": {"action_time": "2024-10-05T20:46:11.645Z", "user": 1, "content_type": 8, "object_id": "32", "object_repr": "Wano Country", "action_flag": 1, "change_message": "[{\"added\": {}}]"}}, {"model": "admin.logentry", "pk": 51, "fields": {"action_time": "2024-10-05T20:46:42.673Z", "user": 1, "content_type": 8, "object_id": "33", "object_repr": "Egghead", "action_flag": 1, "change_message": "[{\"added\": {}}]"}}, {"model": "admin.logentry", "pk": 52, "fields": {"action_time": "2024-10-05T20:47:44.374Z", "user": 1, "content_type": 8, "object_id": "34", "object_repr": "Elbaf", "action_flag": 1, "change_message": "[{\"added\": {}}]"}}, {"model": "admin.logentry", "pk": 53, "fields": {"action_time": "2024-10-05T20:58:01.864Z", "user": 1, "content_type": 7, "object_id": "1", "object_repr": "Bullet Punch", "action_flag": 1, "change_message": "[{\"added\": {}}]"}}, {"model": "admin.logentry", "pk": 54, "fields": {"action_time": "2024-10-05T20:59:01.098Z", "user": 1, "content_type": 7, "object_id": "2", "object_repr": "Future Sight", "action_flag": 1, "change_message": "[{\"added\": {}}]"}}, {"model": "admin.logentry", "pk": 55, "fields": {"action_time": "2024-10-05T20:59:38.636Z", "user": 1, "content_type": 7, "object_id": "3", "object_repr": "Fire Punch", "action_flag": 1, "change_message": "[{\"added\": {}}]"}}, {"model": "admin.logentry", "pk": 56, "fields": {"action_time": "2024-10-05T21:00:09.765Z", "user": 1, "content_type": 7, "object_id": "4", "object_repr": "Oni giri", "action_flag": 1, "change_message": "[{\"added\": {}}]"}}, {"model": "admin.logentry", "pk": 57, "fields": {"action_time": "2024-10-05T21:01:06.629Z", "user": 1, "content_type": 7, "object_id": "5", "object_repr": "Ryou", "action_flag": 1, "change_message": "[{\"added\": {}}]"}}, {"model": "admin.logentry", "pk": 58, "fields": {"action_time": "2024-10-05T21:03:55.852Z", "user": 1, "content_type": 7, "object_id": "6", "object_repr": "Happiness Punch", "action_flag": 1, "change_message": "[{\"added\": {}}]"}}, {"model": "admin.logentry", "pk": 59, "fields": {"action_time": "2024-10-05T21:04:31.886Z", "user": 1, "content_type": 7, "object_id": "6", "object_repr": "Happiness Punch", "action_flag": 2, "change_message": "[{\"changed\": {\"fields\": [\"Description\"]}}]"}}, {"model": "admin.logentry", "pk": 60, "fields": {"action_time": "2024-10-05T21:07:35.961Z", "user": 1, "content_type": 12, "object_id": "3", "object_repr": "Civilian", "action_flag": 1, "change_message": "[{\"added\": {}}]"}}, {"model": "admin.logentry", "pk": 61, "fields": {"action_time": "2024-10-05T21:08:01.365Z", "user": 1, "content_type": 12, "object_id": "4", "object_repr": "Revolutionary Army", "action_flag": 1, "change_message": "[{\"added\": {}}]"}}, {"model": "admin.logentry", "pk": 62, "fields": {"action_time": "2024-10-05T21:08:11.165Z", "user": 1, "content_type": 12, "object_id": "4", "object_repr": "Revolutionary Army", "action_flag": 3, "change_message": ""}}, {"model": "admin.logentry", "pk": 63, "fields": {"action_time": "2024-10-05T21:08:11.165Z", "user": 1, "content_type": 12, "object_id": "3", "object_repr": "Civilian", "action_flag": 3, "change_message": ""}}, {"model": "admin.logentry", "pk": 64, "fields": {"action_time": "2024-10-05T21:08:11.165Z", "user": 1, "content_type": 12, "object_id": "2", "object_repr": "Pirata", "action_flag": 3, "change_message": ""}}, {"model": "admin.logentry", "pk": 65, "fields": {"action_time": "2024-10-05T21:08:11.165Z", "user": 1, "content_type": 12, "object_id": "1", "object_repr": "Marine", "action_flag": 3, "change_message": ""}}, {"model": "admin.logentry", "pk": 66, "fields": {"action_time": "2024-10-05T21:15:37.834Z", "user": 1, "content_type": 14, "object_id": "1", "object_repr": "Fucsia Village", "action_flag": 1, "change_message": "[{\"added\": {}}]"}}, {"model": "admin.logentry", "pk": 67, "fields": {"action_time": "2024-10-05T21:19:05.329Z", "user": 1, "content_type": 10, "object_id": "1", "object_repr": "Monkey D. Garp", "action_flag": 1, "change_message": "[{\"added\": {}}]"}}, {"model": "admin.logentry", "pk": 68, "fields": {"action_time": "2024-10-05T21:19:11.816Z", "user": 1, "content_type": 10, "object_id": "1", "object_repr": "Monkey D. Garp", "action_flag": 2, "change_message": "[]"}}, {"model": "admin.logentry", "pk": 69, "fields": {"action_time": "2024-10-05T21:19:21.459Z", "user": 1, "content_type": 10, "object_id": "1", "object_repr": "Monkey D. Garp", "action_flag": 2, "change_message": "[]"}}, {"model": "admin.logentry", "pk": 70, "fields": {"action_time": "2024-10-05T21:24:25.602Z", "user": 1, "content_type": 14, "object_id": "1", "object_repr": "Goa Kingdom", "action_flag": 2, "change_message": "[{\"changed\": {\"fields\": [\"Name\"]}}]"}}, {"model": "admin.logentry", "pk": 71, "fields": {"action_time": "2024-10-05T21:25:08.976Z", "user": 1, "content_type": 10, "object_id": "2", "object_repr": "Sabo", "action_flag": 1, "change_message": "[{\"added\": {}}]"}}, {"model": "admin.logentry", "pk": 72, "fields": {"action_time": "2024-10-05T21:26:59.677Z", "user": 1, "content_type": 10, "object_id": "3", "object_repr": "Monkey D. Luffy", "action_flag": 1, "change_message": "[{\"added\": {}}]"}}, {"model": "admin.logentry", "pk": 73, "fields": {"action_time": "2024-10-05T21:28:49.306Z", "user": 1, "content_type": 14, "object_id": "2", "object_repr": "Unknown", "action_flag": 1, "change_message": "[{\"added\": {}}]"}}, {"model": "admin.logentry", "pk": 74, "fields": {"action_time": "2024-10-05T21:29:47.306Z", "user": 1, "content_type": 10, "object_id": "4", "object_repr": "Marshall D. Teach", "action_flag": 1, "change_message": "[{\"added\": {}}]"}}, {"model": "admin.logentry", "pk": 75, "fields": {"action_time": "2024-10-05T21:31:01.639Z", "user": 1, "content_type": 14, "object_id": "2", "object_repr": "Unknown Grand Line Island", "action_flag": 2, "change_message": "[{\"changed\": {\"fields\": [\"Name\"]}}]"}}, {"model": "admin.logentry", "pk": 76, "fields": {"action_time": "2024-10-05T21:31:21.702Z", "user": 1, "content_type": 14, "object_id": "3", "object_repr": "Unknown East Blue Island", "action_flag": 1, "change_message": "[{\"added\": {}}]"}}, {"model": "admin.logentry", "pk": 77, "fields": {"action_time": "2024-10-05T21:32:09.246Z", "user": 1, "content_type": 10, "object_id": "5", "object_repr": "Koby", "action_flag": 1, "change_message": "[{\"added\": {}}]"}}, {"model": "admin.logentry", "pk": 78, "fields": {"action_time": "2024-10-05T21:33:36.394Z", "user": 1, "content_type": 14, "object_id": "4", "object_repr": "Arabasta Kingdom", "action_flag": 1, "change_message": "[{\"added\": {}}]"}}, {"model": "admin.logentry", "pk": 79, "fields": {"action_time": "2024-10-05T21:33:59.999Z", "user": 1, "content_type": 10, "object_id": "6", "object_repr": "Nefertari Vivi", "action_flag": 1, "change_message": "[{\"added\": {}}]"}}, {"model": "admin.logentry", "pk": 80, "fields": {"action_time": "2024-10-05T21:34:50.998Z", "user": 1, "content_type": 14, "object_id": "5", "object_repr": "Wano Country", "action_flag": 1, "change_message": "[{\"added\": {}}]"}}, {"model": "admin.logentry", "pk": 81, "fields": {"action_time": "2024-10-05T21:35:17.989Z", "user": 1, "content_type": 10, "object_id": "7", "object_repr": "Yamato", "action_flag": 1, "change_message": "[{\"added\": {}}]"}}, {"model": "admin.logentry", "pk": 82, "fields": {"action_time": "2024-10-05T21:36:20.085Z", "user": 1, "content_type": 14, "object_id": "6", "object_repr": "Unknown North Blue Island", "action_flag": 1, "change_message": "[{\"added\": {}}]"}}, {"model": "admin.logentry", "pk": 83, "fields": {"action_time": "2024-10-05T21:36:35.760Z", "user": 1, "content_type": 14, "object_id": "7", "object_repr": "Unknown South Blue Island", "action_flag": 1, "change_message": "[{\"added\": {}}]"}}, {"model": "admin.logentry", "pk": 84, "fields": {"action_time": "2024-10-05T21:37:29.163Z", "user": 1, "content_type": 10, "object_id": "8", "object_repr": "Kuzan", "action_flag": 1, "change_message": "[{\"added\": {}}]"}}, {"model": "admin.logentry", "pk": 85, "fields": {"action_time": "2024-10-05T21:38:27.636Z", "user": 1, "content_type": 14, "object_id": "8", "object_repr": "Loguetown", "action_flag": 1, "change_message": "[{\"added\": {}}]"}}, {"model": "admin.logentry", "pk": 86, "fields": {"action_time": "2024-10-05T21:39:19.631Z", "user": 1, "content_type": 18, "object_id": "13", "object_repr": "Oro Jackson", "action_flag": 1, "change_message": "[{\"added\": {}}]"}}, {"model": "admin.logentry", "pk": 87, "fields": {"action_time": "2024-10-05T21:39:22.044Z", "user": 1, "content_type": 16, "object_id": "6", "object_repr": "Roger Pirates", "action_flag": 1, "change_message": "[{\"added\": {}}]"}}, {"model": "admin.logentry", "pk": 88, "fields": {"action_time": "2024-10-05T21:39:32.914Z", "user": 1, "content_type": 10, "object_id": "9", "object_repr": "Gol D. Roger", "action_flag": 1, "change_message": "[{\"added\": {}}]"}}, {"model": "admin.logentry", "pk": 89, "fields": {"action_time": "2024-10-05T21:40:19.917Z", "user": 1, "content_type": 14, "object_id": "9", "object_repr": "Baterilla", "action_flag": 1, "change_message": "[{\"added\": {}}]"}}, {"model": "admin.logentry", "pk": 90, "fields": {"action_time": "2024-10-05T21:40:58.640Z", "user": 1, "content_type": 10, "object_id": "10", "object_repr": "Portgas D. Ace", "action_flag": 1, "change_message": "[{\"added\": {}}]"}}, {"model": "admin.logentry", "pk": 91, "fields": {"action_time": "2024-10-05T21:41:48.876Z", "user": 1, "content_type": 14, "object_id": "10", "object_repr": "Cocoyashi Village", "action_flag": 1, "change_message": "[{\"added\": {}}]"}}, {"model": "admin.logentry", "pk": 92, "fields": {"action_time": "2024-10-05T21:42:33.104Z", "user": 1, "content_type": 10, "object_id": "11", "object_repr": "Nami", "action_flag": 1, "change_message": "[{\"added\": {}}]"}}, {"model": "admin.logentry", "pk": 93, "fields": {"action_time": "2024-10-05T21:42:39.668Z", "user": 1, "content_type": 10, "object_id": "10", "object_repr": "Portgas D. Ace", "action_flag": 2, "change_message": "[{\"changed\": {\"fields\": [\"Pirate\"]}}]"}}, {"model": "auth.permission", "pk": 1, "fields": {"name": "Can add log entry", "content_type": 1, "codename": "add_logentry"}}, {"model": "auth.permission", "pk": 2, "fields": {"name": "Can change log entry", "content_type": 1, "codename": "change_logentry"}}, {"model": "auth.permission", "pk": 3, "fields": {"name": "Can delete log entry", "content_type": 1, "codename": "delete_logentry"}}, {"model": "auth.permission", "pk": 4, "fields": {"name": "Can view log entry", "content_type": 1, "codename": "view_logentry"}}, {"model": "auth.permission", "pk": 5, "fields": {"name": "Can add permission", "content_type": 2, "codename": "add_permission"}}, {"model": "auth.permission", "pk": 6, "fields": {"name": "Can change permission", "content_type": 2, "codename": "change_permission"}}, {"model": "auth.permission", "pk": 7, "fields": {"name": "Can delete permission", "content_type": 2, "codename": "delete_permission"}}, {"model": "auth.permission", "pk": 8, "fields": {"name": "Can view permission", "content_type": 2, "codename": "view_permission"}}, {"model": "auth.permission", "pk": 9, "fields": {"name": "Can add group", "content_type": 3, "codename": "add_group"}}, {"model": "auth.permission", "pk": 10, "fields": {"name": "Can change group", "content_type": 3, "codename": "change_group"}}, {"model": "auth.permission", "pk": 11, "fields": {"name": "Can delete group", "content_type": 3, "codename": "delete_group"}}, {"model": "auth.permission", "pk": 12, "fields": {"name": "Can view group", "content_type": 3, "codename": "view_group"}}, {"model": "auth.permission", "pk": 13, "fields": {"name": "Can add user", "content_type": 4, "codename": "add_user"}}, {"model": "auth.permission", "pk": 14, "fields": {"name": "Can change user", "content_type": 4, "codename": "change_user"}}, {"model": "auth.permission", "pk": 15, "fields": {"name": "Can delete user", "content_type": 4, "codename": "delete_user"}}, {"model": "auth.permission", "pk": 16, "fields": {"name": "Can view user", "content_type": 4, "codename": "view_user"}}, {"model": "auth.permission", "pk": 17, "fields": {"name": "Can add content type", "content_type": 5, "codename": "add_contenttype"}}, {"model": "auth.permission", "pk": 18, "fields": {"name": "Can change content type", "content_type": 5, "codename": "change_contenttype"}}, {"model": "auth.permission", "pk": 19, "fields": {"name": "Can delete content type", "content_type": 5, "codename": "delete_contenttype"}}, {"model": "auth.permission", "pk": 20, "fields": {"name": "Can view content type", "content_type": 5, "codename": "view_contenttype"}}, {"model": "auth.permission", "pk": 21, "fields": {"name": "Can add session", "content_type": 6, "codename": "add_session"}}, {"model": "auth.permission", "pk": 22, "fields": {"name": "Can change session", "content_type": 6, "codename": "change_session"}}, {"model": "auth.permission", "pk": 23, "fields": {"name": "Can delete session", "content_type": 6, "codename": "delete_session"}}, {"model": "auth.permission", "pk": 24, "fields": {"name": "Can view session", "content_type": 6, "codename": "view_session"}}, {"model": "auth.permission", "pk": 25, "fields": {"name": "Can add ability", "content_type": 7, "codename": "add_ability"}}, {"model": "auth.permission", "pk": 26, "fields": {"name": "Can change ability", "content_type": 7, "codename": "change_ability"}}, {"model": "auth.permission", "pk": 27, "fields": {"name": "Can delete ability", "content_type": 7, "codename": "delete_ability"}}, {"model": "auth.permission", "pk": 28, "fields": {"name": "Can view ability", "content_type": 7, "codename": "view_ability"}}, {"model": "auth.permission", "pk": 29, "fields": {"name": "Can add arc", "content_type": 8, "codename": "add_arc"}}, {"model": "auth.permission", "pk": 30, "fields": {"name": "Can change arc", "content_type": 8, "codename": "change_arc"}}, {"model": "auth.permission", "pk": 31, "fields": {"name": "Can delete arc", "content_type": 8, "codename": "delete_arc"}}, {"model": "auth.permission", "pk": 32, "fields": {"name": "Can view arc", "content_type": 8, "codename": "view_arc"}}, {"model": "auth.permission", "pk": 33, "fields": {"name": "Can add bounty", "content_type": 9, "codename": "add_bounty"}}, {"model": "auth.permission", "pk": 34, "fields": {"name": "Can change bounty", "content_type": 9, "codename": "change_bounty"}}, {"model": "auth.permission", "pk": 35, "fields": {"name": "Can delete bounty", "content_type": 9, "codename": "delete_bounty"}}, {"model": "auth.permission", "pk": 36, "fields": {"name": "Can view bounty", "content_type": 9, "codename": "view_bounty"}}, {"model": "auth.permission", "pk": 37, "fields": {"name": "Can add character", "content_type": 10, "codename": "add_character"}}, {"model": "auth.permission", "pk": 38, "fields": {"name": "Can change character", "content_type": 10, "codename": "change_character"}}, {"model": "auth.permission", "pk": 39, "fields": {"name": "Can delete character", "content_type": 10, "codename": "delete_character"}}, {"model": "auth.permission", "pk": 40, "fields": {"name": "Can view character", "content_type": 10, "codename": "view_character"}}, {"model": "auth.permission", "pk": 41, "fields": {"name": "Can add devil fruit", "content_type": 11, "codename": "add_devilfruit"}}, {"model": "auth.permission", "pk": 42, "fields": {"name": "Can change devil fruit", "content_type": 11, "codename": "change_devilfruit"}}, {"model": "auth.permission", "pk": 43, "fields": {"name": "Can delete devil fruit", "content_type": 11, "codename": "delete_devilfruit"}}, {"model": "auth.permission", "pk": 44, "fields": {"name": "Can view devil fruit", "content_type": 11, "codename": "view_devilfruit"}}, {"model": "auth.permission", "pk": 45, "fields": {"name": "Can add faction", "content_type": 12, "codename": "add_faction"}}, {"model": "auth.permission", "pk": 46, "fields": {"name": "Can change faction", "content_type": 12, "codename": "change_faction"}}, {"model": "auth.permission", "pk": 47, "fields": {"name": "Can delete faction", "content_type": 12, "codename": "delete_faction"}}, {"model": "auth.permission", "pk": 48, "fields": {"name": "Can view faction", "content_type": 12, "codename": "view_faction"}}, {"model": "auth.permission", "pk": 49, "fields": {"name": "Can add haki", "content_type": 13, "codename": "add_haki"}}, {"model": "auth.permission", "pk": 50, "fields": {"name": "Can change haki", "content_type": 13, "codename": "change_haki"}}, {"model": "auth.permission", "pk": 51, "fields": {"name": "Can delete haki", "content_type": 13, "codename": "delete_haki"}}, {"model": "auth.permission", "pk": 52, "fields": {"name": "Can view haki", "content_type": 13, "codename": "view_haki"}}, {"model": "auth.permission", "pk": 53, "fields": {"name": "Can add location", "content_type": 14, "codename": "add_location"}}, {"model": "auth.permission", "pk": 54, "fields": {"name": "Can change location", "content_type": 14, "codename": "change_location"}}, {"model": "auth.permission", "pk": 55, "fields": {"name": "Can delete location", "content_type": 14, "codename": "delete_location"}}, {"model": "auth.permission", "pk": 56, "fields": {"name": "Can view location", "content_type": 14, "codename": "view_location"}}, {"model": "auth.permission", "pk": 57, "fields": {"name": "Can add marine", "content_type": 15, "codename": "add_marine"}}, {"model": "auth.permission", "pk": 58, "fields": {"name": "Can change marine", "content_type": 15, "codename": "change_marine"}}, {"model": "auth.permission", "pk": 59, "fields": {"name": "Can delete marine", "content_type": 15, "codename": "delete_marine"}}, {"model": "auth.permission", "pk": 60, "fields": {"name": "Can view marine", "content_type": 15, "codename": "view_marine"}}, {"model": "auth.permission", "pk": 61, "fields": {"name": "Can add pirate", "content_type": 16, "codename": "add_pirate"}}, {"model": "auth.permission", "pk": 62, "fields": {"name": "Can change pirate", "content_type": 16, "codename": "change_pirate"}}, {"model": "auth.permission", "pk": 63, "fields": {"name": "Can delete pirate", "content_type": 16, "codename": "delete_pirate"}}, {"model": "auth.permission", "pk": 64, "fields": {"name": "Can view pirate", "content_type": 16, "codename": "view_pirate"}}, {"model": "auth.permission", "pk": 65, "fields": {"name": "Can add sea", "content_type": 17, "codename": "add_sea"}}, {"model": "auth.permission", "pk": 66, "fields": {"name": "Can change sea", "content_type": 17, "codename": "change_sea"}}, {"model": "auth.permission", "pk": 67, "fields": {"name": "Can delete sea", "content_type": 17, "codename": "delete_sea"}}, {"model": "auth.permission", "pk": 68, "fields": {"name": "Can view sea", "content_type": 17, "codename": "view_sea"}}, {"model": "auth.permission", "pk": 69, "fields": {"name": "Can add ship", "content_type": 18, "codename": "add_ship"}}, {"model": "auth.permission", "pk": 70, "fields": {"name": "Can change ship", "content_type": 18, "codename": "change_ship"}}, {"model": "auth.permission", "pk": 71, "fields": {"name": "Can delete ship", "content_type": 18, "codename": "delete_ship"}}, {"model": "auth.permission", "pk": 72, "fields": {"name": "Can view ship", "content_type": 18, "codename": "view_ship"}}, {"model": "auth.user", "pk": 1, "fields": {"password": "pbkdf2_sha256$870000$lxLP7dXhsM48Ahwsj4Fnnv$TFL+H0VhIPAyoW1SQQjwVTqUh2ajqjJukwNlPlXnbbI=", "last_login": "2024-10-03T04:15:34.204Z", "is_superuser": true, "username": "admin", "first_name": "", "last_name": "", "email": "admin@gmail.com", "is_staff": true, "is_active": true, "date_joined": "2024-09-28T21:06:00.191Z", "groups": [], "user_permissions": []}}, {"model": "contenttypes.contenttype", "pk": 1, "fields": {"app_label": "admin", "model": "logentry"}}, {"model": "contenttypes.contenttype", "pk": 2, "fields": {"app_label": "auth", "model": "permission"}}, {"model": "contenttypes.contenttype", "pk": 3, "fields": {"app_label": "auth", "model": "group"}}, {"model": "contenttypes.contenttype", "pk": 4, "fields": {"app_label": "auth", "model": "user"}}, {"model": "contenttypes.contenttype", "pk": 5, "fields": {"app_label": "contenttypes", "model": "contenttype"}}, {"model": "contenttypes.contenttype", "pk": 6, "fields": {"app_label": "sessions", "model": "session"}}, {"model": "contenttypes.contenttype", "pk": 7, "fields": {"app_label": "Ability", "model": "ability"}}, {"model": "contenttypes.contenttype", "pk": 8, "fields": {"app_label": "Arc", "model": "arc"}}, {"model": "contenttypes.contenttype", "pk": 9, "fields": {"app_label": "Bounty", "model": "bounty"}}, {"model": "contenttypes.contenttype", "pk": 10, "fields": {"app_label": "Character", "model": "character"}}, {"model": "contenttypes.contenttype", "pk": 11, "fields": {"app_label": "DevilFruit", "model": "devilfruit"}}, {"model": "contenttypes.contenttype", "pk": 12, "fields": {"app_label": "Faction", "model": "faction"}}, {"model": "contenttypes.contenttype", "pk": 13, "fields": {"app_label": "Haki", "model": "haki"}}, {"model": "contenttypes.contenttype", "pk": 14, "fields": {"app_label": "Location", "model": "location"}}, {"model": "contenttypes.contenttype", "pk": 15, "fields": {"app_label": "Marine", "model": "marine"}}, {"model": "contenttypes.contenttype", "pk": 16, "fields": {"app_label": "Pirate", "model": "pirate"}}, {"model": "contenttypes.contenttype", "pk": 17, "fields": {"app_label": "Sea", "model": "sea"}}, {"model": "contenttypes.contenttype", "pk": 18, "fields": {"app_label": "Ship", "model": "ship"}}, {"model": "sessions.session", "pk": "9ruhlgyik5ddpyey1uddz59d0jf97vq6", "fields": {"session_data": ".eJxVjDsOwjAQBe_iGlnx-htKes5grXfXJIASKU4qxN0hUgpo38y8l8q4rUPemix5ZHVWRp1-t4L0kGkHfMfpNmuap3UZi94VfdCmrzPL83K4fwcDtuFbx4qd9IK171KAII6IoQTrYrSJkpfKhgQKVVcsOQIOaMBHQGQP1qr3BwNnOIo:1swDFW:9bz69xX5wjK3VU4MreU5o35KVz08e3QxOeUjyRmbhpc", "expire_date": "2024-10-17T04:15:34.212Z"}}, {"model": "Ability.ability", "pk": 1, "fields": {"ability_name": "Bullet Punch", "ability_type": "Fruit", "description": "User can make his punch turns into a bullet"}}, {"model": "Ability.ability", "pk": 2, "fields": {"ability_name": "Future Sight", "ability_type": "Haki", "description": "User can see a little in the future, around 5 seconds, this is an evolved way to use Observation Haki"}}, {"model": "Ability.ability", "pk": 3, "fields": {"ability_name": "Fire Punch", "ability_type": "Fruit", "description": "User turns his fist into a giant fire punch"}}, {"model": "Ability.ability", "pk": 4, "fields": {"ability_name": "Oni giri", "ability_type": "Swords", "description": "User attacks with the three swords style and cut everything in front of him"}}, {"model": "Ability.ability", "pk": 5, "fields": {"ability_name": "Ryou", "ability_type": "Haki", "description": "Evolved version of the armament haki, user cant attack using a burst of haki without touching the objective"}}, {"model": "Ability.ability", "pk": 6, "fields": {"ability_name": "Happiness Punch", "ability_type": "Joke", "description": "Show your nude body to your opponent and he is KO'd because you are SEXY"}}, {"model": "Arc.arc", "pk": 2, "fields": {"arc_name": "Romance Dawn Arc", "arc_lenght": 7}}, {"model": "Arc.arc", "pk": 3, "fields": {"arc_name": "Orange Town", "arc_lenght": 14}}, {"model": "Arc.arc", "pk": 4, "fields": {"arc_name": "Syrup Village", "arc_lenght": 20}}, {"model": "Arc.arc", "pk": 5, "fields": {"arc_name": "Baratie", "arc_lenght": 27}}, {"model": "Arc.arc", "pk": 6, "fields": {"arc_name": "Arlong Park", "arc_lenght": 27}}, {"model": "Arc.arc", "pk": 7, "fields": {"arc_name": "Loguetown", "arc_lenght": 5}}, {"model": "Arc.arc", "pk": 8, "fields": {"arc_name": "Reverse Mountain", "arc_lenght": 5}}, {"model": "Arc.arc", "pk": 9, "fields": {"arc_name": "Whisky Peak", "arc_lenght": 9}}, {"model": "Arc.arc", "pk": 10, "fields": {"arc_name": "Little Garden", "arc_lenght": 15}}, {"model": "Arc.arc", "pk": 11, "fields": {"arc_name": "Drum Island", "arc_lenght": 25}}, {"model": "Arc.arc", "pk": 12, "fields": {"arc_name": "Arabasta", "arc_lenght": 63}}, {"model": "Arc.arc", "pk": 13, "fields": {"arc_name": "Jaya", "arc_lenght": 19}}, {"model": "Arc.arc", "pk": 14, "fields": {"arc_name": "Skypiea", "arc_lenght": 66}}, {"model": "Arc.arc", "pk": 15, "fields": {"arc_name": "Long Ring Long Land", "arc_lenght": 19}}, {"model": "Arc.arc", "pk": 16, "fields": {"arc_name": "Water 7", "arc_lenght": 53}}, {"model": "Arc.arc", "pk": 17, "fields": {"arc_name": "Ennies Lobby", "arc_lenght": 56}}, {"model": "Arc.arc", "pk": 18, "fields": {"arc_name": "Post-Enies Lobby", "arc_lenght": 11}}, {"model": "Arc.arc", "pk": 19, "fields": {"arc_name": "Thriller Bark", "arc_lenght": 48}}, {"model": "Arc.arc", "pk": 20, "fields": {"arc_name": "Sabaody Archipelago", "arc_lenght": 24}}, {"model": "Arc.arc", "pk": 21, "fields": {"arc_name": "Amazon Lily", "arc_lenght": 11}}, {"model": "Arc.arc", "pk": 22, "fields": {"arc_name": "Impel Down", "arc_lenght": 25}}, {"model": "Arc.arc", "pk": 23, "fields": {"arc_name": "Marineford", "arc_lenght": 31}}, {"model": "Arc.arc", "pk": 24, "fields": {"arc_name": "Post-War", "arc_lenght": 17}}, {"model": "Arc.arc", "pk": 25, "fields": {"arc_name": "Return to Sabaody", "arc_lenght": 5}}, {"model": "Arc.arc", "pk": 26, "fields": {"arc_name": "Fish-Men Island", "arc_lenght": 51}}, {"model": "Arc.arc", "pk": 27, "fields": {"arc_name": "Punk Hazard", "arc_lenght": 46}}, {"model": "Arc.arc", "pk": 28, "fields": {"arc_name": "Dressrosa", "arc_lenght": 102}}, {"model": "Arc.arc", "pk": 29, "fields": {"arc_name": "Zou", "arc_lenght": 23}}, {"model": "Arc.arc", "pk": 30, "fields": {"arc_name": "Whole Cake Island", "arc_lenght": 78}}, {"model": "Arc.arc", "pk": 31, "fields": {"arc_name": "Levely", "arc_lenght": 6}}, {"model": "Arc.arc", "pk": 32, "fields": {"arc_name": "Wano Country", "arc_lenght": 149}}, {"model": "Arc.arc", "pk": 33, "fields": {"arc_name": "Egghead", "arc_lenght": 68}}, {"model": "Arc.arc", "pk": 34, "fields": {"arc_name": "Elbaf", "arc_lenght": 3}}, {"model": "Character.character", "pk": 1, "fields": {"name": "Monkey D. Garp", "status": "alive", "age": 78, "race": "human", "birthday": "05-02", "height": "2.87", "location": 1, "arc": [18, 23, 24, 31, 33], "ability": [6], "devil_fruit": [], "faction": [2], "haki": [2, 3, 4], "pirate": [], "marine": [3]}}, {"model": "Character.character", "pk": 2, "fields": {"name": "Sabo", "status": "alive", "age": 22, "race": "human", "birthday": "03-20", "height": "1.87", "location": 1, "arc": [24, 28, 31, 33], "ability": [3, 6], "devil_fruit": [2], "faction": [4], "haki": [2, 3], "pirate": [], "marine": []}}, {"model": "Character.character", "pk": 3, "fields": {"name": "Monkey D. Luffy", "status": "dead ", "age": 19, "race": "human", "birthday": "05-05", "height": "1.74", "location": 1, "arc": [2, 3, 4, 5, 6, 7, 8, 9, 10, 11, 12, 13, 14, 15, 16, 17, 18, 19, 20, 21, 22, 23, 24, 25, 26, 27, 28, 29, 30, 32, 33, 34], "ability": [1, 2, 5], "devil_fruit": [3], "faction": [1], "haki": [2, 3, 4], "pirate": [1], "marine": []}}, {"model": "Character.character", "pk": 4, "fields": {"name": "Marshall D. Teach", "status": "alive", "age": 40, "race": "human", "birthday": "08-03", "height": "3.44", "location": 2, "arc": [13, 18, 22, 23, 33], "ability": [3], "devil_fruit": [4, 5], "faction": [1], "haki": [2, 3], "pirate": [5], "marine": []}}, {"model": "Character.character", "pk": 5, "fields": {"name": "Koby", "status": "alive", "age": 18, "race": "human", "birthday": "05-13", "height": "1.67", "location": 3, "arc": [2, 18, 23, 31, 33], "ability": [1], "devil_fruit": [], "faction": [2], "haki": [2, 3], "pirate": [], "marine": [2]}}, {"model": "Character.character", "pk": 6, "fields": {"name": "Nefertari Vivi", "status": "alive", "age": 18, "race": "human", "birthday": "02-02", "height": "1.69", "location": 4, "arc": [12, 31, 33], "ability": [6], "devil_fruit": [], "faction": [3], "haki": [], "pirate": [], "marine": []}}, {"model": "Character.character", "pk": 7, "fields": {"name": "Yamato", "status": "alive", "age": 28, "race": "human", "birthday": "11-03", "height": "2.63", "location": 5, "arc": [32], "ability": [6], "devil_fruit": [6], "faction": [3], "haki": [2, 3], "pirate": [], "marine": []}}, {"model": "Character.character", "pk": 8, "fields": {"name": "Kuzan", "status": "alive", "age": 49, "race": "human", "birthday": "09-21", "height": "2.98", "location": 7, "arc": [15, 16, 18, 23, 27, 33], "ability": [3, 4, 5], "devil_fruit": [7], "faction": [1, 2], "haki": [2, 3], "pirate": [5], "marine": [4]}}, {"model": "Character.character", "pk": 9, "fields": {"name": "Gol D. Roger", "status": "dead ", "age": 53, "race": "human", "birthday": "12-31", "height": "2.74", "location": 8, "arc": [2, 7, 23, 32], "ability": [2, 5], "devil_fruit": [], "faction": [1], "haki": [2, 3, 4], "pirate": [6], "marine": []}}, {"model": "Character.character", "pk": 10, "fields": {"name": "Portgas D. Ace", "status": "dead ", "age": 20, "race": "human", "birthday": "01-01", "height": "1.85", "location": 9, "arc": [11, 12, 18, 22, 23, 32], "ability": [3, 4], "devil_fruit": [2], "faction": [1], "haki": [2, 3, 4], "pirate": [2, 3], "marine": []}}, {"model": "Character.character", "pk": 11, "fields": {"name": "Nami", "status": "alive", "age": 20, "race": "human", "birthday": "07-03", "height": "1.70", "location": 10, "arc": [3, 4, 5, 6, 7, 8, 9, 10, 11, 12, 13, 14, 15, 16, 17, 18, 19, 20, 25, 26, 27, 28, 29, 30, 32, 33, 34], "ability": [6], "devil_fruit": [], "faction": [1], "haki": [], "pirate": [1], "marine": []}}, {"model": "DevilFruit.devilfruit", "pk": 2, "fields": {"df_name": "Flame-Flame Fruit", "df_jp_name": "Mera Mera no Mi", "category": "Logia"}}, {"model": "DevilFruit.devilfruit", "pk": 3, "fields": {"df_name": "Human Human Fruit, Model: Nika", "df_jp_name": "Hito Hito no Mi, Model: Nika", "category": "Mythical Zoan"}}, {"model": "DevilFruit.devilfruit", "pk": 4, "fields": {"df_name": "Dark-Dark Fruit", "df_jp_name": "Yami Yami no Mi", "category": "Logia"}}, {"model": "DevilFruit.devilfruit", "pk": 5, "fields": {"df_name": "Quake-Quake Fruit", "df_jp_name": "Gura Gura no Mi", "category": "Paramecia"}}, {"model": "DevilFruit.devilfruit", "pk": 6, "fields": {"df_name": "Dog-Dog Fruit, Model: Okuchi-no-Makami", "df_jp_name": "Inu Inu no Mi, Model: Okuchi no Makami", "category": "Mythical Zoan"}}, {"model": "DevilFruit.devilfruit", "pk": 7, "fields": {"df_name": "Chilly-Chilly Fruit", "df_jp_name": "Hie Hie no Mi", "category": "Logia"}}, {"model": "Faction.faction", "pk": 1, "fields": {"faction_name": "Pirate"}}, {"model": "Faction.faction", "pk": 2, "fields": {"faction_name": "Marine"}}, {"model": "Faction.faction", "pk": 3, "fields": {"faction_name": "Civilian"}}, {"model": "Faction.faction", "pk": 4, "fields": {"faction_name": "Revolutionary Army"}}, {"model": "Haki.haki", "pk": 2, "fields": {"name": "Armament Haki", "JPname": "Busoshoku no Haki"}}, {"model": "Haki.haki", "pk": 3, "fields": {"name": "Observation Haki", "JPname": "Kenbunshoku no Haki"}}, {"model": "Haki.haki", "pk": 4, "fields": {"name": "Conqueror's Haki", "JPname": "Haoshoku no Haki"}}, {"model": "Location.location", "pk": 1, "fields": {"name": "Goa Kingdom", "sea_id": 1}}, {"model": "Location.location", "pk": 2, "fields": {"name": "Unknown Grand Line Island", "sea_id": 5}}, {"model": "Location.location", "pk": 3, "fields": {"name": "Unknown East Blue Island", "sea_id": 1}}, {"model": "Location.location", "pk": 4, "fields": {"name": "Arabasta Kingdom", "sea_id": 5}}, {"model": "Location.location", "pk": 5, "fields": {"name": "Wano Country", "sea_id": 5}}, {"model": "Location.location", "pk": 6, "fields": {"name": "Unknown North Blue Island", "sea_id": 2}}, {"model": "Location.location", "pk": 7, "fields": {"name": "Unknown South Blue Island", "sea_id": 3}}, {"model": "Location.location", "pk": 8, "fields": {"name": "Loguetown", "sea_id": 1}}, {"model": "Location.location", "pk": 9, "fields": {"name": "Baterilla", "sea_id": 3}}, {"model": "Location.location", "pk": 10, "fields": {"name": "Cocoyashi Village", "sea_id": 1}}, {"model": "Marine.marine", "pk": 1, "fields": {"rank_name": "Soldier"}}, {"model": "Marine.marine", "pk": 2, "fields": {"rank_name": "Captain"}}, {"model": "Marine.marine", "pk": 3, "fields": {"rank_name": "Vice-Admiral"}}, {"model": "Marine.marine", "pk": 4, "fields": {"rank_name": "Admiral"}}, {"model": "Marine.marine", "pk": 5, "fields": {"rank_name": "Fleet Admiral"}}, {"model": "Pirate.pirate", "pk": 1, "fields": {"crew_name": "Straw Hat Pirates", "Ship": [1, 9]}}, {"model": "Pirate.pirate", "pk": 2, "fields": {"crew_name": "Spade Pirates", "Ship": [10]}}, {"model": "Pirate.pirate", "pk": 3, "fields": {"crew_name": "Whitebeard Pirates", "Ship": [11]}}, {"model": "Pirate.pirate", "pk": 4, "fields": {"crew_name": "Beast Pirates", "Ship": []}}, {"model": "Pirate.pirate", "pk": 5, "fields": {"crew_name": "Blackbeard Pirates", "Ship": [12]}}, {"model": "Pirate.pirate", "pk": 6, "fields": {"crew_name": "Roger Pirates", "Ship": [13]}}, {"model": "Sea.sea", "pk": 1, "fields": {"name": "East Blue"}}, {"model": "Sea.sea", "pk": 2, "fields": {"name": "North Blue"}}, {"model": "Sea.sea", "pk": 3, "fields": {"name": "South Blue"}}, {"model": "Sea.sea", "pk": 4, "fields": {"name": "West Blue"}}, {"model": "Sea.sea", "pk": 5, "fields": {"name": "Grand Line"}}, {"model": "Ship.ship", "pk": 1, "fields": {"ship_name": "Going Merry"}}, {"model": "Ship.ship", "pk": 9, "fields": {"ship_name": "Thousand Sunny"}}, {"model": "Ship.ship", "pk": 10, "fields": {"ship_name": "Piece of Spadille"}}, {"model": "Ship.ship", "pk": 11, "fields": {"ship_name": "Moby Dick"}}, {"model": "Ship.ship", "pk": 12, "fields": {"ship_name": "Saber of Xebec"}}, {"model": "Ship.ship", "pk": 13, "fields": {"ship_name": "Oro Jackson"}}]